scenario,event_id,t0_us,t1_us,t2_us,t3_us,t4_us,status
S0,1,53525996,53526002,53526003,53526032,53531603,ok
S0,2,55732014,55732021,55732021,55732051,55737620,ok
S0,3,61674052,61674059,61674060,61674090,61679663,ok
S0,4,65474782,65474789,65474790,65474819,65480391,ok
S0,5,68109329,68109336,68109336,68109366,68114935,ok
S0,6,70246090,70246097,70246097,70246127,70251697,ok
S0,7,71928093,71928100,71928101,71928130,71933704,ok
S0,8,73560986,73560993,73560993,73561023,73566592,ok
S0,9,75210797,75210803,75210804,75210834,75216401,ok
S0,10,76835934,76835940,76835941,76835971,76841537,ok
S0,11,78411573,78411580,78411580,78411611,78417181,ok
S0,12,80172220,80172227,80172228,80172258,80177828,ok
S0,13,81767298,81767304,81767305,81767336,81772904,ok
S0,14,83387380,83387387,83387388,83387418,83392992,ok
S0,15,85075938,85075944,85075945,85075976,85081542,ok
S0,16,86668680,86668686,86668687,86668718,86674290,ok
S0,17,88267787,88267793,88267794,88267825,88273398,ok
S0,18,89887716,89887722,89887723,89887754,89893320,ok
S0,19,91550867,91550874,91550874,91550906,91556477,ok
S0,20,93149303,93149309,93149310,93149341,93154908,ok
S0,21,94824937,94824943,94824944,94824975,94830545,ok
S0,22,96333149,96333155,96333156,96333187,96338760,ok
S0,23,97927082,97927089,97927090,97927121,97932688,ok
S0,24,99472430,99472436,99472437,99472469,99478038,ok
S0,25,101134803,101134810,101134811,101134843,101140413,ok
S0,26,102645956,102645962,102645963,102645995,102651565,ok
S0,27,104419950,104419957,104419958,104419990,104425560,ok
S0,28,106219966,106219973,106219974,106220007,106225575,ok
S0,29,108009479,108009486,108009487,108009520,108015092,ok
S0,30,109834323,109834329,109834330,109834363,109839936,ok
